res_id,ddG_elec,ddG_vdw,ddG_solvAB,ddG_solvA,ddG_total
A19,-0.3941,0.1210,1.2701,1.2701,-0.2732
A24,-0.4824,-0.6872,1.8081,2.5306,-1.8920
A27,0.0098,3.3092,0.5350,-0.5192,4.3732
A28,-0.0054,1.0983,-0.5991,-1.6069,2.1008
A30,-1.2409,-0.8532,0.7157,1.3808,-2.7592
A31,-0.3757,5.0236,2.1690,1.7475,5.0694
A35,-0.4523,-0.0297,0.6309,1.0343,-0.8855
A37,0.1699,1.8609,0.3609,0.5966,1.7951
A38,-0.4098,1.1727,0.3926,1.0687,0.0867
A41,0.0081,4.9666,0.0000,-1.8243,6.7990
A42,-0.3426,2.3859,1.4489,6.2775,-2.7853
A45,-0.0421,1.5024,-0.4583,-0.9339,1.9359
A79,0.0414,1.2026,-0.6936,-1.1512,1.7016
A82,-0.0074,0.2004,-1.4832,-1.8842,0.5939
A83,0.2308,3.2793,-0.2537,-0.7716,4.0279
A324,-0.0496,0.1707,-0.4359,-0.4496,0.1347
A325,0.1334,0.1298,5.6202,5.7013,0.1821
A326,-0.0281,0.0970,0.0000,0.0000,0.0690
A330,-0.1017,1.7226,0.7981,3.2067,-0.7877
A351,0.0215,0.1178,0.0000,0.0000,0.1393
A352,-0.0133,0.0224,0.0000,0.0000,0.0092
A353,-0.1265,5.1385,0.6640,1.6536,4.0224
A354,0.2245,0.1165,0.0000,0.0000,0.3409
A355,0.1210,2.2691,0.0163,0.0036,2.4027
A357,0.2713,1.2748,0.9901,2.5029,0.0333
A386,0.0366,0.0259,0.0000,0.0000,0.0625
A387,0.0089,0.0130,0.0000,0.0000,0.0218
A393,0.0233,0.5506,2.1615,3.4731,-0.7376
E403,0.0763,0.4593,5.3153,0.0000,5.8509
E417,-1.1367,1.5580,0.4118,0.0000,0.8331
E445,0.0018,0.1301,-1.8842,0.0000,-1.7524
E446,0.0462,0.0341,0.0000,0.0000,0.0804
E447,0.0266,0.0957,0.0000,0.0000,0.1223
E449,-0.4959,0.8725,-5.6110,0.0000,-5.2344
E455,-0.0169,5.0000,0.0000,0.0000,4.9831
E456,0.0265,1.6826,-0.7577,0.0000,0.9514
E473,-0.0594,0.6858,-0.2566,0.0000,0.3698
E475,0.1002,0.6030,0.0000,0.0000,0.7031
E476,0.0212,0.3507,0.0000,0.0000,0.3719
E477,0.0331,0.0923,0.8072,0.0000,0.9326
E484,-0.3173,0.3873,1.2149,0.0000,1.2849
E486,0.0765,5.3415,-4.5032,0.0000,0.9148
E487,-0.0552,-1.8727,0.6243,0.0000,-1.3036
E489,0.1871,7.2151,-1.8234,0.0000,5.5788
E490,0.0916,0.0538,-7.6096,0.0000,-7.4642
E493,-0.7611,1.8852,2.4140,0.0000,3.5381
E495,0.0269,0.0750,-0.5773,0.0000,-0.4754
E496,0.2743,0.3073,0.0000,0.0000,0.5816
E497,0.0755,0.0971,-0.1962,0.0000,-0.0236
E498,-0.6236,4.8681,-0.0067,0.0000,4.2378
E499,-0.0015,0.0641,-0.2245,0.0000,-0.1619
E500,0.3390,1.5006,-0.5346,0.0000,1.3050
E501,-0.2256,3.9828,0.0217,0.0000,3.7789
E502,-0.5463,-0.6536,0.0000,0.0000,-1.1998
E503,-0.0193,0.2251,-1.3860,0.0000,-1.1801
E504,-0.0501,0.0176,0.0000,0.0000,-0.0326
E505,0.1572,7.1257,-1.8142,0.0000,5.4687
